StudentID,Name,Age,Gender,City,Math,Science,English,Attendance_%
1001,Student_1,24,Non-binary,Pune,65.0,56.0,61,89.23
1002,Student_2,21,Female,Chennai,,61.0,81,99.25
1003,Student_3,22,Non-binary,Chennai,67.0,90.0,81,70.26
1004,Student_4,24,Male,Delhi,97.0,55.0,77,86.17
1005,Student_5,20,Male,Pune,85.0,81.0,62,67.92
1006,Student_6,22,Male,Chennai,41.0,93.0,80,82.61
1007,Student_7,22,Male,Delhi,99.0,40.0,63,78.56
1008,Student_8,24,Non-binary,Hyderabad,93.0,53.0,69,98.88
1009,Student_9,19,Female,,82.0,91.0,67,84.34
1010,Student_10,20,Male,Chennai,40.0,37.0,78,73.98
1011,Student_11,24,Female,Bangalore,90.0,35.0,55,64.56
1012,Student_12,20,Non-binary,Bangalore,92.0,92.0,81,66.05
1013,Student_13,20,Non-binary,Bangalore,75.0,72.0,78,69.01
1014,Student_14,22,Non-binary,Chennai,90.0,49.0,92,70.04
1015,Student_15,21,Male,Bangalore,65.0,68.0,51,94.02
1016,Student_16,20,Female,Pune,68.0,95.0,72,82.45
1017,Student_17,23,Female,Hyderabad,60.0,69.0,68,80.94
1018,Student_18,22,Female,Delhi,50.0,98.0,80,64.59
1019,Student_19,19,Non-binary,Delhi,79.0,59.0,54,94.41
1020,Student_20,21,Male,Chennai,50.0,58.0,68,88.91
1021,Student_21,23,Non-binary,Bangalore,75.0,46.0,83,62.71
1022,Student_22,23,Non-binary,Bangalore,88.0,52.0,59,88.31
1023,Student_23,19,Female,Mumbai,98.0,49.0,74,81.74
1024,Student_24,21,Non-binary,Hyderabad,78.0,61.0,51,63.27
1025,Student_25,22,Female,Pune,79.0,94.0,60,78.33
1026,Student_26,18,Male,Delhi,74.0,,99,79.39
1027,Student_27,21,Female,Mumbai,93.0,51.0,80,66.63
1028,Student_28,19,Male,Mumbai,73.0,87.0,64,97.83
1029,Student_29,23,Female,Chennai,94.0,42.0,58,94.0
1030,Student_30,22,Non-binary,Delhi,86.0,61.0,72,86.76
1031,Student_31,21,Non-binary,Chennai,63.0,,68,78.49
1032,Student_32,18,Male,Pune,93.0,84.0,58,76.47
1033,Student_33,18,Male,Mumbai,61.0,37.0,84,86.04
1034,Student_34,20,Male,Mumbai,44.0,98.0,70,81.82
1035,Student_35,20,Female,Hyderabad,95.0,78.0,58,62.49
1036,Student_36,24,Female,Pune,72.0,87.0,77,80.5
1037,Student_37,19,Male,Mumbai,97.0,58.0,95,92.26
1038,Student_38,21,Non-binary,Pune,75.0,94.0,56,78.37
1039,Student_39,21,Female,Delhi,86.0,37.0,65,62.08
1040,Student_40,24,Female,Bangalore,59.0,54.0,65,91.45
1041,Student_41,23,Female,,58.0,80.0,82,68.05
1042,Student_42,23,Male,Hyderabad,74.0,49.0,53,70.34
1043,Student_43,24,Male,Delhi,91.0,59.0,53,66.59
1044,Student_44,23,Male,Pune,82.0,51.0,88,73.21
1045,Student_45,20,Male,Chennai,56.0,43.0,89,90.27
1046,Student_46,21,Male,Delhi,98.0,72.0,66,80.78
1047,Student_47,24,Non-binary,Mumbai,84.0,82.0,86,68.2
1048,Student_48,21,Non-binary,Pune,82.0,94.0,88,95.11
1049,Student_49,18,Male,Bangalore,73.0,97.0,78,95.18
1050,Student_50,20,Female,Delhi,48.0,36.0,85,94.82
1051,Student_51,22,Male,Mumbai,65.0,45.0,87,69.55
1052,Student_52,20,Non-binary,Hyderabad,41.0,98.0,88,78.05
1053,Student_53,24,Non-binary,Chennai,92.0,55.0,99,99.4
1054,Student_54,22,Female,Pune,48.0,52.0,86,90.88
1055,Student_55,18,Non-binary,Delhi,48.0,98.0,84,61.09
1056,Student_56,24,Male,Delhi,79.0,72.0,56,62.61
1057,Student_57,19,Female,Bangalore,56.0,66.0,76,78.56
1058,Student_58,21,Male,Bangalore,,45.0,77,96.37
1059,Student_59,18,Male,Hyderabad,64.0,79.0,71,81.55
1060,Student_60,21,Female,Chennai,82.0,67.0,63,79.91
1061,Student_61,23,Male,Hyderabad,79.0,75.0,56,64.22
1062,Student_62,19,Non-binary,Mumbai,81.0,42.0,86,86.27
1063,Student_63,19,Male,Mumbai,,45.0,71,92.88
1064,Student_64,18,Female,Hyderabad,78.0,85.0,54,75.22
1065,Student_65,19,Female,Chennai,74.0,75.0,51,91.02
1066,Student_66,22,Female,Hyderabad,42.0,51.0,76,98.58
1067,Student_67,19,Male,Chennai,89.0,80.0,70,68.15
1068,Student_68,21,Female,Chennai,76.0,66.0,87,80.93
1069,Student_69,21,Female,Pune,,88.0,64,71.49
1070,Student_70,24,Male,Chennai,83.0,54.0,70,91.71
1071,Student_71,21,Non-binary,Bangalore,90.0,67.0,59,83.1
1072,Student_72,24,Male,Chennai,69.0,,72,85.38
1073,Student_73,21,Female,Chennai,,66.0,88,91.92
1074,Student_74,22,Female,Chennai,73.0,36.0,54,75.84
1075,Student_75,24,Male,Mumbai,51.0,67.0,50,96.6
1076,Student_76,20,Non-binary,,58.0,64.0,62,81.32
1077,Student_77,23,Female,Bangalore,76.0,67.0,70,66.32
1078,Student_78,18,Female,,83.0,60.0,75,87.84
1079,Student_79,21,Female,Pune,98.0,56.0,99,91.73
1080,Student_80,19,Male,Chennai,98.0,72.0,94,72.67
1081,Student_81,21,Female,Delhi,88.0,80.0,70,94.29
1082,Student_82,19,Non-binary,Pune,56.0,49.0,67,96.25
1083,Student_83,23,Female,Pune,49.0,78.0,86,71.08
1084,Student_84,23,Female,Bangalore,96.0,83.0,94,99.34
1085,Student_85,23,Non-binary,Pune,,95.0,81,65.63
1086,Student_86,19,Female,Chennai,88.0,40.0,85,68.08
1087,Student_87,21,Male,Chennai,86.0,,66,67.37
1088,Student_88,23,Male,Mumbai,51.0,40.0,84,95.76
1089,Student_89,22,Male,Chennai,55.0,66.0,98,86.17
1090,Student_90,24,Non-binary,Chennai,63.0,,60,66.08
1091,Student_91,19,Female,Bangalore,58.0,42.0,70,77.61
1092,Student_92,19,Male,Chennai,47.0,84.0,75,84.61
1093,Student_93,21,Non-binary,Mumbai,70.0,96.0,53,63.34
1094,Student_94,19,Female,Delhi,60.0,96.0,83,95.3
1095,Student_95,19,Non-binary,Bangalore,56.0,41.0,97,92.14
1096,Student_96,23,Male,Delhi,62.0,38.0,67,80.21
1097,Student_97,21,Male,Bangalore,,40.0,89,98.69
1098,Student_98,23,Male,,93.0,92.0,84,76.71
1099,Student_99,24,Non-binary,Pune,55.0,56.0,90,99.36
1100,Student_100,24,Non-binary,Hyderabad,45.0,60.0,78,86.72
1101,Student_101,23,Male,Chennai,47.0,37.0,78,85.39
1102,Student_102,24,Non-binary,Delhi,64.0,75.0,87,66.64
1103,Student_103,21,Male,Chennai,57.0,94.0,91,95.28
1104,Student_104,18,Male,Pune,64.0,48.0,70,77.1
1105,Student_105,23,Female,,51.0,46.0,91,66.49
1106,Student_106,22,Non-binary,Pune,54.0,46.0,62,60.5
1107,Student_107,22,Male,Mumbai,98.0,47.0,98,82.39
1108,Student_108,19,Male,Pune,65.0,59.0,90,81.1
1109,Student_109,24,Non-binary,Mumbai,80.0,79.0,66,88.77
1110,Student_110,22,Female,Pune,,53.0,58,95.61
1111,Student_111,19,Female,Mumbai,65.0,89.0,90,63.18
1112,Student_112,18,Male,Delhi,86.0,79.0,50,89.26
1113,Student_113,21,Non-binary,Chennai,71.0,42.0,51,67.5
1114,Student_114,21,Female,Chennai,49.0,87.0,97,94.33
1115,Student_115,21,Non-binary,Hyderabad,55.0,89.0,78,92.76
1116,Student_116,22,Non-binary,Chennai,46.0,66.0,82,81.63
1117,Student_117,18,Male,Bangalore,56.0,,59,88.41
1118,Student_118,22,Female,Pune,62.0,78.0,99,72.57
1119,Student_119,24,Male,Hyderabad,65.0,52.0,89,78.85
1120,Student_120,22,Female,Bangalore,60.0,56.0,70,92.87
1121,Student_121,18,Female,Bangalore,61.0,71.0,77,78.37
1122,Student_122,18,Female,Mumbai,97.0,90.0,60,74.31
1123,Student_123,24,Female,Chennai,46.0,93.0,83,79.77
1124,Student_124,18,Female,Delhi,53.0,37.0,57,93.13
1125,Student_125,18,Non-binary,Delhi,54.0,62.0,71,73.41
1126,Student_126,21,Male,Hyderabad,92.0,69.0,57,66.95
1127,Student_127,24,Non-binary,Delhi,46.0,95.0,98,88.48
1128,Student_128,20,Female,Pune,48.0,88.0,64,93.04
1129,Student_129,20,Male,Delhi,90.0,97.0,66,64.03
1130,Student_130,18,Female,Hyderabad,87.0,41.0,72,69.59
1131,Student_131,20,Male,Delhi,,,73,65.68
1132,Student_132,20,Non-binary,Pune,89.0,65.0,94,73.92
1133,Student_133,18,Male,Mumbai,98.0,92.0,68,78.01
1134,Student_134,20,Male,Hyderabad,62.0,95.0,54,89.95
1135,Student_135,22,Male,Mumbai,68.0,,81,86.05
1136,Student_136,19,Male,Mumbai,57.0,,93,84.84
1137,Student_137,24,Male,Mumbai,70.0,71.0,50,74.09
1138,Student_138,19,Female,Bangalore,69.0,38.0,72,93.66
1139,Student_139,18,Male,Chennai,91.0,54.0,86,78.85
1140,Student_140,21,Male,Bangalore,78.0,94.0,57,99.16
1141,Student_141,24,Non-binary,Chennai,74.0,58.0,62,85.37
1142,Student_142,18,Male,Mumbai,57.0,84.0,57,65.05
1143,Student_143,21,Non-binary,Hyderabad,98.0,83.0,72,87.05
1144,Student_144,19,Female,Chennai,81.0,,92,73.0
1145,Student_145,18,Male,Pune,78.0,70.0,50,87.45
1146,Student_146,24,Non-binary,Pune,56.0,68.0,94,62.79
1147,Student_147,24,Non-binary,Delhi,53.0,70.0,73,67.0
1148,Student_148,23,Female,Chennai,70.0,40.0,84,94.23
1149,Student_149,22,Male,Hyderabad,63.0,73.0,73,69.09
1150,Student_150,20,Male,Bangalore,74.0,76.0,66,93.48
1151,Student_151,21,Non-binary,Mumbai,83.0,92.0,54,71.17
1152,Student_152,23,Male,Delhi,99.0,46.0,69,85.72
1153,Student_153,20,Non-binary,Pune,84.0,37.0,70,87.77
1154,Student_154,20,Male,Bangalore,73.0,52.0,89,80.51
1155,Student_155,18,Non-binary,Bangalore,42.0,74.0,80,72.21
1156,Student_156,20,Male,Mumbai,76.0,55.0,95,68.51
1157,Student_157,22,Female,,82.0,49.0,85,61.33
1158,Student_158,24,Male,Pune,79.0,60.0,60,72.16
1159,Student_159,23,Male,Hyderabad,65.0,42.0,64,86.13
1160,Student_160,20,Female,Bangalore,94.0,76.0,68,97.53
1161,Student_161,18,Male,Mumbai,62.0,78.0,56,94.85
1162,Student_162,22,Female,Hyderabad,83.0,48.0,77,90.64
1163,Student_163,19,Male,Chennai,78.0,36.0,92,91.54
1164,Student_164,24,Non-binary,Pune,54.0,71.0,54,86.6
1165,Student_165,24,Non-binary,Chennai,95.0,72.0,54,70.41
1166,Student_166,23,Male,Bangalore,88.0,75.0,79,96.29
1167,Student_167,24,Male,Hyderabad,43.0,96.0,81,86.83
1168,Student_168,20,Male,Hyderabad,,94.0,57,82.42
1169,Student_169,18,Non-binary,,61.0,48.0,59,64.44
1170,Student_170,24,Male,Bangalore,64.0,36.0,87,77.88
1171,Student_171,24,Non-binary,Bangalore,52.0,51.0,96,78.41
1172,Student_172,19,Female,Chennai,57.0,62.0,81,94.58
1173,Student_173,19,Non-binary,Delhi,72.0,69.0,97,81.87
1174,Student_174,21,Non-binary,Chennai,55.0,39.0,77,75.22
1175,Student_175,22,Female,Pune,84.0,99.0,66,99.07
1176,Student_176,20,Non-binary,Mumbai,81.0,74.0,80,64.43
1177,Student_177,24,Male,Hyderabad,83.0,90.0,57,76.9
1178,Student_178,24,Male,Delhi,41.0,,89,61.68
1179,Student_179,18,Non-binary,Mumbai,94.0,79.0,74,89.6
1180,Student_180,21,Male,Delhi,,57.0,58,96.72
1181,Student_181,22,Non-binary,Chennai,81.0,81.0,51,71.2
1182,Student_182,21,Male,Bangalore,73.0,65.0,64,94.33
1183,Student_183,23,Male,Hyderabad,69.0,45.0,99,71.69
1184,Student_184,22,Non-binary,Chennai,98.0,44.0,52,96.43
1185,Student_185,24,Male,Mumbai,94.0,48.0,98,90.16
1186,Student_186,24,Non-binary,Mumbai,52.0,44.0,85,92.2
1187,Student_187,22,Male,Mumbai,52.0,35.0,53,60.72
1188,Student_188,24,Male,Mumbai,57.0,39.0,63,98.51
1189,Student_189,20,Female,Mumbai,71.0,54.0,90,89.07
1190,Student_190,22,Female,Delhi,71.0,42.0,90,72.19
1191,Student_191,21,Non-binary,Chennai,74.0,77.0,74,93.18
1192,Student_192,22,Female,Hyderabad,,35.0,99,71.26
1193,Student_193,24,Non-binary,Bangalore,78.0,91.0,59,94.91
1194,Student_194,20,Female,Bangalore,85.0,98.0,70,64.5
1195,Student_195,20,Male,Chennai,91.0,62.0,85,88.15
1196,Student_196,23,Non-binary,Chennai,68.0,71.0,61,81.63
1197,Student_197,21,Non-binary,Bangalore,88.0,81.0,76,63.86
1198,Student_198,19,Male,Bangalore,68.0,71.0,89,69.68
1199,Student_199,19,Non-binary,Delhi,92.0,83.0,51,60.5
1200,Student_200,22,Non-binary,Pune,83.0,,62,78.75
1201,Student_201,23,Female,Hyderabad,96.0,90.0,81,72.05
1202,Student_202,18,Non-binary,Mumbai,55.0,62.0,80,83.93
1203,Student_203,22,Male,Pune,95.0,40.0,65,71.89
1204,Student_204,23,Female,Chennai,83.0,95.0,81,72.0
1205,Student_205,21,Female,Bangalore,86.0,54.0,81,89.73
1206,Student_206,21,Male,Pune,96.0,36.0,83,61.93
1207,Student_207,21,Male,Hyderabad,49.0,71.0,60,96.12
1208,Student_208,21,Female,Chennai,69.0,54.0,59,94.09
1209,Student_209,21,Non-binary,Mumbai,64.0,60.0,64,86.71
1210,Student_210,23,Female,,78.0,63.0,66,83.73
1211,Student_211,23,Male,Hyderabad,59.0,,89,95.69
1212,Student_212,20,Female,,44.0,69.0,67,67.41
1213,Student_213,19,Male,Bangalore,40.0,93.0,58,63.16
1214,Student_214,24,Female,Mumbai,69.0,67.0,74,69.58
1215,Student_215,21,Non-binary,Chennai,88.0,85.0,89,91.78
1216,Student_216,18,Female,Pune,42.0,46.0,63,61.39
1217,Student_217,24,Female,Chennai,84.0,54.0,74,83.31
1218,Student_218,23,Male,Delhi,53.0,87.0,99,99.82
1219,Student_219,18,Male,Delhi,95.0,77.0,71,94.23
1220,Student_220,18,Male,Hyderabad,69.0,84.0,79,80.86
1221,Student_221,18,Female,Bangalore,89.0,63.0,69,62.55
1222,Student_222,20,Non-binary,Delhi,43.0,91.0,70,93.25
1223,Student_223,23,Male,Mumbai,57.0,73.0,93,83.96
1224,Student_224,18,Male,Chennai,76.0,90.0,81,64.6
1225,Student_225,21,Female,Chennai,64.0,77.0,95,63.75
1226,Student_226,22,Male,Hyderabad,87.0,84.0,98,96.39
1227,Student_227,18,Non-binary,Pune,40.0,57.0,70,86.77
1228,Student_228,20,Non-binary,Hyderabad,92.0,78.0,84,93.17
1229,Student_229,24,Male,Pune,85.0,72.0,81,95.16
1230,Student_230,23,Male,Hyderabad,54.0,57.0,79,82.87
1231,Student_231,20,Female,Hyderabad,48.0,79.0,88,80.7
1232,Student_232,18,Non-binary,Hyderabad,54.0,86.0,98,77.22
1233,Student_233,23,Non-binary,Pune,88.0,84.0,61,72.68
1234,Student_234,22,Male,Pune,96.0,,90,77.38
1235,Student_235,18,Female,Hyderabad,63.0,35.0,96,90.96
1236,Student_236,20,Non-binary,,43.0,,67,84.08
1237,Student_237,19,Non-binary,Bangalore,51.0,63.0,70,95.7
1238,Student_238,21,Female,Bangalore,98.0,39.0,62,77.74
1239,Student_239,24,Female,Bangalore,97.0,81.0,70,84.28
1240,Student_240,20,Non-binary,Pune,76.0,68.0,57,85.25
1241,Student_241,23,Non-binary,Pune,76.0,99.0,95,83.67
1242,Student_242,18,Female,Delhi,82.0,89.0,89,88.11
1243,Student_243,21,Non-binary,Bangalore,99.0,77.0,95,69.5
1244,Student_244,18,Male,Bangalore,45.0,,56,80.49
1245,Student_245,23,Male,Hyderabad,78.0,51.0,72,64.17
1246,Student_246,18,Female,Pune,95.0,60.0,93,75.38
1247,Student_247,19,Female,Bangalore,85.0,42.0,81,79.51
1248,Student_248,21,Female,Chennai,63.0,81.0,60,86.09
1249,Student_249,21,Male,Delhi,50.0,80.0,71,98.02
1250,Student_250,23,Non-binary,Chennai,52.0,67.0,71,84.03
1251,Student_251,24,Male,Chennai,73.0,35.0,92,89.74
1252,Student_252,19,Non-binary,Delhi,64.0,53.0,74,80.25
1253,Student_253,20,Male,Chennai,,65.0,71,85.36
1254,Student_254,18,Non-binary,Bangalore,91.0,48.0,77,62.84
1255,Student_255,22,Male,Pune,43.0,87.0,78,70.18
1256,Student_256,18,Female,Delhi,98.0,82.0,62,74.47
1257,Student_257,18,Male,Hyderabad,47.0,,67,78.9
1258,Student_258,20,Non-binary,Chennai,59.0,98.0,51,61.83
1259,Student_259,18,Male,Delhi,68.0,97.0,78,65.6
1260,Student_260,19,Male,Mumbai,93.0,67.0,70,71.07
1261,Student_261,19,Male,Mumbai,92.0,75.0,64,98.86
1262,Student_262,21,Female,,90.0,82.0,76,73.25
1263,Student_263,23,Male,Bangalore,84.0,47.0,99,79.28
1264,Student_264,24,Female,Pune,85.0,65.0,80,67.84
1265,Student_265,22,Female,Pune,49.0,38.0,64,84.43
1266,Student_266,18,Male,Pune,82.0,53.0,72,71.23
1267,Student_267,18,Male,Pune,73.0,47.0,73,68.28
1268,Student_268,20,Male,Hyderabad,,57.0,93,80.66
1269,Student_269,23,Non-binary,Hyderabad,65.0,35.0,62,60.22
1270,Student_270,19,Male,Delhi,80.0,88.0,71,60.31
1271,Student_271,22,Female,Mumbai,88.0,49.0,92,68.76
1272,Student_272,21,Male,,97.0,99.0,86,61.47
1273,Student_273,19,Non-binary,,42.0,49.0,82,64.32
1274,Student_274,23,Male,Mumbai,95.0,55.0,52,73.55
1275,Student_275,24,Non-binary,Chennai,45.0,53.0,68,92.1
1276,Student_276,21,Non-binary,,44.0,94.0,72,82.88
1277,Student_277,24,Male,Hyderabad,44.0,67.0,78,80.51
1278,Student_278,20,Female,Chennai,93.0,83.0,79,71.74
1279,Student_279,20,Non-binary,Mumbai,86.0,69.0,88,97.27
1280,Student_280,18,Male,Chennai,62.0,78.0,93,75.88
1281,Student_281,24,Male,Bangalore,88.0,45.0,96,63.48
1282,Student_282,23,Female,Mumbai,48.0,80.0,74,84.68
1283,Student_283,22,Non-binary,Chennai,74.0,43.0,86,64.55
1284,Student_284,21,Non-binary,Hyderabad,59.0,37.0,96,73.81
1285,Student_285,19,Male,Hyderabad,97.0,,57,80.3
1286,Student_286,23,Male,Delhi,88.0,82.0,91,94.97
1287,Student_287,23,Female,,98.0,62.0,65,79.74
1288,Student_288,20,Female,Pune,,60.0,57,88.09
1289,Student_289,24,Non-binary,Chennai,74.0,59.0,50,99.71
1290,Student_290,18,Non-binary,Mumbai,89.0,46.0,93,65.26
1291,Student_291,18,Male,Mumbai,,39.0,54,70.99
1292,Student_292,21,Non-binary,Chennai,56.0,82.0,52,75.78
1293,Student_293,20,Female,Bangalore,63.0,71.0,50,76.87
1294,Student_294,23,Female,Hyderabad,42.0,,53,76.44
1295,Student_295,22,Male,Mumbai,71.0,49.0,89,96.3
1296,Student_296,20,Female,Hyderabad,74.0,77.0,84,88.56
1297,Student_297,21,Female,Mumbai,,82.0,81,84.32
1298,Student_298,21,Female,Delhi,52.0,80.0,91,72.37
1299,Student_299,20,Female,Pune,95.0,77.0,83,92.95
1300,Student_300,21,Male,Mumbai,86.0,55.0,92,98.2
1301,Student_301,20,Male,Hyderabad,64.0,57.0,74,92.85
1302,Student_302,19,Non-binary,Delhi,,81.0,59,60.06
1303,Student_303,20,Female,Mumbai,43.0,49.0,70,85.46
1304,Student_304,24,Non-binary,Bangalore,53.0,59.0,95,62.05
1305,Student_305,20,Male,Pune,,70.0,88,70.3
1306,Student_306,21,Male,Mumbai,73.0,85.0,76,62.38
1307,Student_307,24,Male,Delhi,50.0,49.0,76,84.15
1308,Student_308,21,Male,Bangalore,80.0,55.0,51,87.46
1309,Student_309,18,Male,Chennai,95.0,47.0,90,64.58
1310,Student_310,18,Male,Delhi,42.0,53.0,97,75.35
1311,Student_311,24,Male,,98.0,68.0,62,78.25
1312,Student_312,19,Female,Bangalore,67.0,86.0,58,74.76
1313,Student_313,18,Non-binary,Delhi,68.0,61.0,85,64.84
1314,Student_314,20,Male,Bangalore,48.0,63.0,71,76.76
1315,Student_315,21,Female,Mumbai,42.0,62.0,91,90.05
1316,Student_316,18,Female,Bangalore,64.0,69.0,75,62.84
1317,Student_317,18,Non-binary,Bangalore,73.0,42.0,61,63.21
1318,Student_318,19,Male,Pune,51.0,50.0,66,74.19
1319,Student_319,24,Non-binary,Bangalore,81.0,70.0,63,97.67
1320,Student_320,24,Male,Bangalore,48.0,64.0,63,86.74
1321,Student_321,23,Female,Chennai,54.0,52.0,83,87.15
1322,Student_322,19,Female,Mumbai,79.0,36.0,69,74.48
1323,Student_323,20,Female,Pune,64.0,83.0,60,83.75
1324,Student_324,24,Female,Chennai,44.0,38.0,65,60.41
1325,Student_325,21,Non-binary,Hyderabad,50.0,,80,85.44
1326,Student_326,19,Male,Mumbai,98.0,73.0,55,96.53
1327,Student_327,18,Male,Mumbai,73.0,47.0,68,84.5
1328,Student_328,21,Non-binary,Hyderabad,63.0,65.0,86,94.95
1329,Student_329,21,Male,,99.0,97.0,53,88.96
1330,Student_330,18,Female,Chennai,54.0,,96,64.82
1331,Student_331,19,Male,Delhi,77.0,76.0,53,96.1
1332,Student_332,18,Female,Pune,47.0,95.0,69,62.66
1333,Student_333,23,Non-binary,Delhi,98.0,76.0,59,81.36
1334,Student_334,21,Male,Hyderabad,44.0,90.0,73,65.69
1335,Student_335,22,Non-binary,Mumbai,87.0,70.0,84,60.47
1336,Student_336,22,Male,Mumbai,65.0,41.0,75,76.88
1337,Student_337,20,Female,Pune,57.0,88.0,86,71.8
1338,Student_338,24,Non-binary,Mumbai,45.0,35.0,87,79.44
1339,Student_339,18,Male,Mumbai,76.0,78.0,70,83.09
1340,Student_340,18,Female,Pune,99.0,79.0,89,61.75
1341,Student_341,20,Non-binary,Chennai,87.0,81.0,88,64.92
1342,Student_342,20,Non-binary,Chennai,52.0,47.0,70,82.35
1343,Student_343,20,Male,Pune,67.0,56.0,59,73.73
1344,Student_344,21,Male,Hyderabad,44.0,55.0,87,89.17
1345,Student_345,23,Male,Mumbai,52.0,43.0,95,86.09
1346,Student_346,18,Female,Mumbai,56.0,60.0,53,93.82
1347,Student_347,21,Male,Hyderabad,89.0,43.0,94,87.7
1348,Student_348,20,Non-binary,Chennai,79.0,49.0,69,77.2
1349,Student_349,18,Non-binary,Bangalore,84.0,44.0,66,86.92
1350,Student_350,21,Male,Bangalore,71.0,76.0,56,71.02
1351,Student_351,23,Male,Bangalore,68.0,58.0,53,72.25
1352,Student_352,21,Non-binary,Chennai,90.0,83.0,78,91.56
1353,Student_353,23,Female,Chennai,97.0,60.0,63,77.86
1354,Student_354,20,Male,Hyderabad,42.0,71.0,52,91.94
1355,Student_355,23,Male,Mumbai,95.0,84.0,73,92.9
1356,Student_356,18,Non-binary,Hyderabad,79.0,58.0,86,94.3
1357,Student_357,20,Male,Hyderabad,73.0,53.0,65,96.67
1358,Student_358,18,Female,Chennai,79.0,94.0,53,77.24
1359,Student_359,22,Non-binary,Bangalore,,73.0,73,72.75
1360,Student_360,19,Male,Delhi,52.0,52.0,83,83.29
1361,Student_361,23,Non-binary,Mumbai,84.0,53.0,79,74.85
1362,Student_362,19,Male,,72.0,70.0,67,84.04
1363,Student_363,19,Male,Bangalore,,89.0,68,88.22
1364,Student_364,23,Male,Delhi,63.0,81.0,80,87.54
1365,Student_365,20,Female,Delhi,58.0,83.0,68,74.98
1366,Student_366,22,Female,Chennai,55.0,67.0,98,66.67
1367,Student_367,18,Non-binary,Pune,79.0,55.0,95,77.22
1368,Student_368,21,Male,Mumbai,67.0,56.0,68,65.7
1369,Student_369,18,Male,Delhi,72.0,82.0,71,95.6
1370,Student_370,21,Female,Chennai,98.0,71.0,73,73.84
1371,Student_371,18,Male,Chennai,98.0,49.0,94,66.18
1372,Student_372,23,Female,Bangalore,87.0,69.0,61,61.02
1373,Student_373,22,Male,Pune,80.0,66.0,79,85.83
1374,Student_374,21,Non-binary,Mumbai,52.0,45.0,87,85.48
1375,Student_375,24,Male,Hyderabad,82.0,44.0,80,73.62
1376,Student_376,20,Male,Bangalore,84.0,91.0,85,62.87
1377,Student_377,18,Female,Delhi,64.0,59.0,68,76.39
1378,Student_378,18,Male,Delhi,92.0,36.0,97,72.45
1379,Student_379,21,Male,Bangalore,81.0,98.0,94,87.08
1380,Student_380,20,Female,Chennai,75.0,69.0,85,84.23
1381,Student_381,20,Non-binary,Delhi,66.0,41.0,79,74.58
1382,Student_382,23,Non-binary,Pune,77.0,52.0,98,68.72
1383,Student_383,24,Female,Mumbai,99.0,76.0,82,99.52
1384,Student_384,23,Female,Pune,46.0,73.0,67,78.16
1385,Student_385,23,Female,Delhi,44.0,75.0,98,87.53
1386,Student_386,23,Female,Hyderabad,82.0,58.0,77,65.62
1387,Student_387,23,Female,Mumbai,84.0,94.0,96,79.42
1388,Student_388,23,Non-binary,,97.0,80.0,60,61.1
1389,Student_389,22,Non-binary,Bangalore,96.0,53.0,94,80.22
1390,Student_390,20,Female,,90.0,76.0,82,98.56
1391,Student_391,23,Male,Hyderabad,70.0,66.0,66,75.37
1392,Student_392,20,Female,Chennai,62.0,73.0,55,61.56
1393,Student_393,20,Male,Mumbai,81.0,70.0,53,61.24
1394,Student_394,19,Female,Hyderabad,49.0,70.0,69,75.52
1395,Student_395,22,Female,Bangalore,71.0,37.0,97,66.4
1396,Student_396,23,Non-binary,Bangalore,82.0,42.0,96,60.93
1397,Student_397,18,Male,Mumbai,92.0,75.0,76,90.25
1398,Student_398,21,Male,Pune,69.0,47.0,64,78.34
1399,Student_399,24,Non-binary,Delhi,78.0,83.0,55,71.57
1400,Student_400,18,Non-binary,Bangalore,70.0,94.0,96,96.0
1401,Student_401,22,Non-binary,Chennai,57.0,36.0,63,64.65
1402,Student_402,21,Non-binary,Chennai,75.0,94.0,60,98.24
1403,Student_403,22,Male,Bangalore,41.0,39.0,88,72.56
1404,Student_404,20,Male,Pune,,78.0,58,95.54
1405,Student_405,21,Female,,52.0,61.0,75,84.12
1406,Student_406,20,Female,Hyderabad,68.0,66.0,65,93.07
1407,Student_407,18,Non-binary,Chennai,51.0,55.0,54,99.36
1408,Student_408,18,Non-binary,Hyderabad,78.0,42.0,59,71.54
1409,Student_409,21,Non-binary,Chennai,41.0,84.0,99,98.45
1410,Student_410,21,Female,Delhi,,78.0,52,75.58
1411,Student_411,23,Female,Delhi,52.0,92.0,62,75.42
1412,Student_412,22,Female,Mumbai,85.0,37.0,92,73.62
1413,Student_413,23,Female,Hyderabad,66.0,36.0,98,81.66
1414,Student_414,22,Female,Bangalore,88.0,78.0,79,66.17
1415,Student_415,23,Female,Hyderabad,80.0,36.0,94,82.15
1416,Student_416,20,Female,Bangalore,56.0,69.0,55,81.67
1417,Student_417,21,Non-binary,Pune,79.0,64.0,66,90.48
1418,Student_418,18,Non-binary,Hyderabad,70.0,42.0,94,93.35
1419,Student_419,22,Non-binary,Pune,73.0,56.0,68,77.62
1420,Student_420,22,Non-binary,Delhi,99.0,78.0,91,72.09
1421,Student_421,18,Female,Delhi,63.0,92.0,84,70.37
1422,Student_422,23,Male,Mumbai,84.0,70.0,95,67.78
1423,Student_423,22,Female,Hyderabad,74.0,65.0,75,62.31
1424,Student_424,24,Male,Pune,87.0,81.0,54,73.7
1425,Student_425,20,Non-binary,Bangalore,45.0,89.0,78,70.81
1426,Student_426,21,Female,Delhi,58.0,96.0,86,98.66
1427,Student_427,18,Non-binary,Delhi,69.0,64.0,69,82.31
1428,Student_428,21,Female,Bangalore,46.0,89.0,98,73.89
1429,Student_429,24,Non-binary,Pune,49.0,50.0,70,83.22
1430,Student_430,22,Male,Pune,80.0,46.0,59,65.57
1431,Student_431,22,Male,Hyderabad,71.0,51.0,54,77.76
1432,Student_432,24,Male,Hyderabad,73.0,50.0,85,85.05
1433,Student_433,18,Female,Chennai,67.0,46.0,55,79.56
1434,Student_434,20,Male,Chennai,99.0,42.0,75,76.07
1435,Student_435,19,Female,Mumbai,54.0,37.0,53,99.75
1436,Student_436,18,Male,Delhi,69.0,50.0,88,95.21
1437,Student_437,19,Male,Hyderabad,76.0,64.0,88,84.94
1438,Student_438,24,Female,Pune,68.0,57.0,99,82.78
1439,Student_439,23,Female,Bangalore,61.0,39.0,84,84.83
1440,Student_440,19,Male,Pune,,99.0,50,68.05
1441,Student_441,20,Female,Delhi,59.0,64.0,73,75.81
1442,Student_442,23,Male,Chennai,71.0,55.0,85,61.58
1443,Student_443,19,Female,Pune,75.0,56.0,55,79.02
1444,Student_444,24,Non-binary,,89.0,66.0,90,81.72
1445,Student_445,23,Non-binary,,43.0,67.0,95,69.11
1446,Student_446,24,Non-binary,Chennai,66.0,50.0,93,98.56
1447,Student_447,19,Non-binary,Bangalore,56.0,72.0,80,96.38
1448,Student_448,24,Non-binary,Chennai,51.0,,69,88.89
1449,Student_449,20,Male,Mumbai,61.0,70.0,73,81.34
1450,Student_450,19,Non-binary,Delhi,56.0,57.0,74,94.8
1451,Student_451,19,Non-binary,Bangalore,49.0,36.0,85,65.23
1452,Student_452,19,Non-binary,Mumbai,93.0,99.0,70,91.62
1453,Student_453,18,Non-binary,Chennai,40.0,86.0,79,64.99
1454,Student_454,18,Female,Mumbai,61.0,96.0,73,91.77
1455,Student_455,18,Male,Delhi,65.0,57.0,93,71.03
1456,Student_456,20,Non-binary,Hyderabad,95.0,60.0,91,95.08
1457,Student_457,23,Non-binary,Mumbai,98.0,89.0,79,97.76
1458,Student_458,24,Non-binary,Mumbai,57.0,40.0,71,65.95
1459,Student_459,22,Male,Chennai,89.0,,77,78.51
1460,Student_460,19,Female,Chennai,53.0,56.0,56,99.24
1461,Student_461,24,Male,Bangalore,86.0,77.0,84,79.34
1462,Student_462,19,Female,Chennai,68.0,49.0,77,94.54
1463,Student_463,20,Non-binary,Pune,51.0,94.0,63,83.55
1464,Student_464,19,Non-binary,Delhi,75.0,46.0,59,75.01
1465,Student_465,18,Male,Delhi,98.0,,65,71.43
1466,Student_466,22,Male,Hyderabad,74.0,76.0,65,68.13
1467,Student_467,21,Female,Hyderabad,91.0,72.0,80,90.47
1468,Student_468,19,Female,Delhi,51.0,79.0,91,75.46
1469,Student_469,24,Male,Hyderabad,46.0,69.0,74,80.45
1470,Student_470,18,Female,Bangalore,68.0,64.0,62,79.69
1471,Student_471,21,Male,Chennai,50.0,64.0,55,83.09
1472,Student_472,22,Female,Delhi,72.0,40.0,93,94.62
1473,Student_473,21,Male,Hyderabad,45.0,41.0,58,99.23
1474,Student_474,18,Male,,86.0,,94,76.3
1475,Student_475,23,Male,Pune,54.0,48.0,85,93.1
1476,Student_476,23,Female,Mumbai,71.0,49.0,92,90.58
1477,Student_477,21,Female,Chennai,90.0,55.0,69,82.94
1478,Student_478,20,Female,Delhi,50.0,69.0,67,98.24
1479,Student_479,24,Male,Mumbai,97.0,36.0,92,68.02
1480,Student_480,24,Female,Hyderabad,62.0,69.0,70,64.37
1481,Student_481,21,Female,Mumbai,65.0,54.0,53,94.16
1482,Student_482,19,Male,Chennai,73.0,44.0,99,77.57
1483,Student_483,19,Non-binary,Delhi,85.0,59.0,82,93.88
1484,Student_484,24,Male,Pune,73.0,59.0,76,95.72
1485,Student_485,24,Female,Hyderabad,68.0,88.0,56,62.5
1486,Student_486,23,Male,Delhi,43.0,67.0,55,95.34
1487,Student_487,20,Non-binary,Chennai,56.0,70.0,64,77.93
1488,Student_488,18,Male,Hyderabad,74.0,48.0,67,80.42
1489,Student_489,19,Female,Bangalore,52.0,99.0,81,85.06
1490,Student_490,24,Non-binary,Mumbai,80.0,88.0,60,97.06
1491,Student_491,23,Female,Chennai,,86.0,69,60.76
1492,Student_492,22,Non-binary,Bangalore,54.0,37.0,73,79.07
1493,Student_493,23,Non-binary,Delhi,94.0,75.0,64,87.51
1494,Student_494,19,Male,Pune,68.0,40.0,97,88.91
1495,Student_495,19,Male,Hyderabad,68.0,59.0,56,87.7
1496,Student_496,23,Female,Mumbai,50.0,47.0,70,65.38
1497,Student_497,18,Male,Hyderabad,91.0,42.0,91,71.98
1498,Student_498,21,Male,Delhi,71.0,55.0,75,74.35
1499,Student_499,19,Non-binary,Hyderabad,41.0,59.0,93,92.18
1500,Student_500,23,Male,Mumbai,86.0,79.0,63,71.15
1242,Student_242,18,Female,Delhi,82.0,89.0,89,88.11
1260,Student_260,19,Male,Mumbai,93.0,67.0,70,71.07
1282,Student_282,23,Female,Mumbai,48.0,80.0,74,84.68
1304,Student_304,24,Non-binary,Bangalore,53.0,59.0,95,62.05
1241,Student_241,23,Non-binary,Pune,76.0,99.0,95,83.67
1398,Student_398,21,Male,Pune,69.0,47.0,64,78.34
1234,Student_234,22,Male,Pune,96.0,,90,77.38
1277,Student_277,24,Male,Hyderabad,44.0,67.0,78,80.51
1148,Student_148,23,Female,Chennai,70.0,40.0,84,94.23
1007,Student_7,22,Male,Delhi,99.0,40.0,63,78.56
